country,year,sex,age,suicides_no,population,suicides/100k pop,gdp_for_year,gdp_per_capita
Antigua and Barbuda,2015,female,Boomers: 55-74 years,1,6403,15.62,"1,364,863,037",14853
Antigua and Barbuda,2015,female,Millenials: 15-24 years,0,8561,0.0,"1,364,863,037",14853
Antigua and Barbuda,2015,female,Millenials: 25-34 years,0,7740,0.0,"1,364,863,037",14853
Antigua and Barbuda,2015,female,Generation X: 35-54 years,0,15323,0.0,"1,364,863,037",14853
Antigua and Barbuda,2015,female,Generation Z: 5-14 years,0,8239,0.0,"1,364,863,037",14853
Antigua and Barbuda,2015,female,Silent: 75+ years,0,1724,0.0,"1,364,863,037",14853
Antigua and Barbuda,2015,male,Millenials: 15-24 years,0,8331,0.0,"1,364,863,037",14853
Antigua and Barbuda,2015,male,Millenials: 25-34 years,0,7059,0.0,"1,364,863,037",14853
Antigua and Barbuda,2015,male,Generation X: 35-54 years,0,13370,0.0,"1,364,863,037",14853
Antigua and Barbuda,2015,male,Generation Z: 5-14 years,0,8268,0.0,"1,364,863,037",14853
Antigua and Barbuda,2015,male,Boomers: 55-74 years,0,5784,0.0,"1,364,863,037",14853
Antigua and Barbuda,2015,male,Silent: 75+ years,0,1087,0.0,"1,364,863,037",14853
Argentina,2015,male,Silent: 75+ years,245,712691,34.38,"594,749,285,413",14981
Argentina,2015,male,Millenials: 15-24 years,656,3500580,18.74,"594,749,285,413",14981
Argentina,2015,male,Boomers: 55-74 years,431,3011963,14.31,"594,749,285,413",14981
Argentina,2015,male,Millenials: 25-34 years,465,3289927,14.13,"594,749,285,413",14981
Argentina,2015,male,Generation X: 35-54 years,633,5166179,12.25,"594,749,285,413",14981
Argentina,2015,female,Millenials: 15-24 years,153,3394201,4.51,"594,749,285,413",14981
Argentina,2015,female,Boomers: 55-74 years,125,3520779,3.55,"594,749,285,413",14981
Argentina,2015,female,Millenials: 25-34 years,114,3235582,3.52,"594,749,285,413",14981
Argentina,2015,female,Generation X: 35-54 years,166,5301368,3.13,"594,749,285,413",14981
Argentina,2015,female,Silent: 75+ years,27,1344980,2.01,"594,749,285,413",14981
Argentina,2015,male,Generation Z: 5-14 years,39,3672155,1.06,"594,749,285,413",14981
Argentina,2015,female,Generation Z: 5-14 years,19,3549219,0.54,"594,749,285,413",14981
Armenia,2015,male,Silent: 75+ years,12,61355,19.56,"10,553,337,673",3775
Armenia,2015,male,Boomers: 55-74 years,16,231213,6.92,"10,553,337,673",3775
Armenia,2015,female,Silent: 75+ years,5,100754,4.96,"10,553,337,673",3775
Armenia,2015,male,Generation X: 35-54 years,15,356715,4.21,"10,553,337,673",3775
Armenia,2015,male,Millenials: 25-34 years,10,255540,3.91,"10,553,337,673",3775
Armenia,2015,female,Boomers: 55-74 years,5,297936,1.68,"10,553,337,673",3775
Armenia,2015,female,Millenials: 15-24 years,3,212010,1.42,"10,553,337,673",3775
Armenia,2015,female,Generation X: 35-54 years,4,412360,0.97,"10,553,337,673",3775
Armenia,2015,male,Millenials: 15-24 years,2,216876,0.92,"10,553,337,673",3775
Armenia,2015,female,Millenials: 25-34 years,2,274108,0.73,"10,553,337,673",3775
Armenia,2015,female,Generation Z: 5-14 years,0,175417,0.0,"10,553,337,673",3775
Armenia,2015,male,Generation Z: 5-14 years,0,201051,0.0,"10,553,337,673",3775
Australia,2015,male,Generation X: 35-54 years,944,3149299,29.97,"1,349,034,029,453",60656
Australia,2015,male,Silent: 75+ years,181,673787,26.86,"1,349,034,029,453",60656
Australia,2015,male,Millenials: 25-34 years,423,1762265,24.0,"1,349,034,029,453",60656
Australia,2015,male,Boomers: 55-74 years,457,2337430,19.55,"1,349,034,029,453",60656
Australia,2015,male,Millenials: 15-24 years,281,1608990,17.46,"1,349,034,029,453",60656
Australia,2015,female,Generation X: 35-54 years,294,3203643,9.18,"1,349,034,029,453",60656
Australia,2015,female,Millenials: 15-24 years,110,1526305,7.21,"1,349,034,029,453",60656
Australia,2015,female,Millenials: 25-34 years,119,1747715,6.81,"1,349,034,029,453",60656
Australia,2015,female,Boomers: 55-74 years,152,2411343,6.3,"1,349,034,029,453",60656
Australia,2015,female,Silent: 75+ years,52,884347,5.88,"1,349,034,029,453",60656
Australia,2015,female,Generation Z: 5-14 years,8,1428159,0.56,"1,349,034,029,453",60656
Australia,2015,male,Generation Z: 5-14 years,6,1507502,0.4,"1,349,034,029,453",60656
Austria,2015,male,Silent: 75+ years,214,290329,73.71,"382,065,930,308",46484
Austria,2015,male,Boomers: 55-74 years,294,915115,32.13,"382,065,930,308",46484
Austria,2015,male,Generation X: 35-54 years,313,1279822,24.46,"382,065,930,308",46484
Austria,2015,female,Silent: 75+ years,70,461676,15.16,"382,065,930,308",46484
Austria,2015,male,Millenials: 25-34 years,78,590968,13.2,"382,065,930,308",46484
Austria,2015,male,Millenials: 15-24 years,61,519646,11.74,"382,065,930,308",46484
Austria,2015,female,Boomers: 55-74 years,100,998854,10.01,"382,065,930,308",46484
Austria,2015,female,Generation X: 35-54 years,79,1273034,6.21,"382,065,930,308",46484
Austria,2015,female,Millenials: 15-24 years,19,490742,3.87,"382,065,930,308",46484
Austria,2015,female,Millenials: 25-34 years,21,576661,3.64,"382,065,930,308",46484
Austria,2015,female,Generation Z: 5-14 years,1,400831,0.25,"382,065,930,308",46484
Austria,2015,male,Generation Z: 5-14 years,1,421708,0.24,"382,065,930,308",46484
Belgium,2015,male,Silent: 75+ years,177,392775,45.06,"455,039,563,133",42830
Belgium,2015,male,Generation X: 35-54 years,529,1567729,33.74,"455,039,563,133",42830
Belgium,2015,male,Boomers: 55-74 years,353,1200170,29.41,"455,039,563,133",42830
Belgium,2015,male,Millenials: 25-34 years,161,728873,22.09,"455,039,563,133",42830
Belgium,2015,female,Generation X: 35-54 years,221,1534727,14.4,"455,039,563,133",42830
Belgium,2015,female,Silent: 75+ years,87,616201,14.12,"455,039,563,133",42830
Belgium,2015,female,Boomers: 55-74 years,176,1262327,13.94,"455,039,563,133",42830
Belgium,2015,male,Millenials: 15-24 years,93,671971,13.84,"455,039,563,133",42830
Belgium,2015,female,Millenials: 25-34 years,45,726357,6.2,"455,039,563,133",42830
Belgium,2015,female,Millenials: 15-24 years,21,649587,3.23,"455,039,563,133",42830
Belgium,2015,female,Generation Z: 5-14 years,2,622189,0.32,"455,039,563,133",42830
Belgium,2015,male,Generation Z: 5-14 years,2,651450,0.31,"455,039,563,133",42830
Belize,2015,male,Silent: 75+ years,1,2264,44.17,"1,778,567,600",5561
Belize,2015,male,Millenials: 25-34 years,9,28956,31.08,"1,778,567,600",5561
Belize,2015,male,Boomers: 55-74 years,3,13996,21.43,"1,778,567,600",5561
Belize,2015,male,Generation X: 35-54 years,4,37895,10.56,"1,778,567,600",5561
Belize,2015,male,Generation Z: 5-14 years,3,39041,7.68,"1,778,567,600",5561
Belize,2015,female,Boomers: 55-74 years,1,13642,7.33,"1,778,567,600",5561
Belize,2015,male,Millenials: 15-24 years,2,36971,5.41,"1,778,567,600",5561
Belize,2015,female,Generation X: 35-54 years,2,39103,5.11,"1,778,567,600",5561
Belize,2015,female,Millenials: 15-24 years,1,37114,2.69,"1,778,567,600",5561
Belize,2015,female,Millenials: 25-34 years,0,30312,0.0,"1,778,567,600",5561
Belize,2015,female,Generation Z: 5-14 years,0,38109,0.0,"1,778,567,600",5561
Belize,2015,female,Silent: 75+ years,0,2432,0.0,"1,778,567,600",5561
Brazil,2015,male,Silent: 75+ years,470,2448560,19.19,"1,802,214,373,741",9431
Brazil,2015,male,Boomers: 55-74 years,1693,12987357,13.04,"1,802,214,373,741",9431
Brazil,2015,male,Generation X: 35-54 years,3238,26989063,12.0,"1,802,214,373,741",9431
Brazil,2015,male,Millenials: 25-34 years,1897,17625976,10.76,"1,802,214,373,741",9431
Brazil,2015,male,Millenials: 15-24 years,1389,17569045,7.91,"1,802,214,373,741",9431
Brazil,2015,female,Generation X: 35-54 years,910,28461855,3.2,"1,802,214,373,741",9431
Brazil,2015,female,Boomers: 55-74 years,479,15122216,3.17,"1,802,214,373,741",9431
Brazil,2015,female,Millenials: 25-34 years,466,17546090,2.66,"1,802,214,373,741",9431
Brazil,2015,female,Silent: 75+ years,89,3802086,2.34,"1,802,214,373,741",9431
Brazil,2015,female,Millenials: 15-24 years,397,17047218,2.33,"1,802,214,373,741",9431
Brazil,2015,male,Generation Z: 5-14 years,79,16057040,0.49,"1,802,214,373,741",9431
Brazil,2015,female,Generation Z: 5-14 years,56,15430579,0.36,"1,802,214,373,741",9431
Chile,2015,male,Silent: 75+ years,117,282308,41.44,"243,999,477,738",14729
Chile,2015,male,Boomers: 55-74 years,301,1394272,21.59,"243,999,477,738",14729
Chile,2015,male,Generation X: 35-54 years,513,2426719,21.14,"243,999,477,738",14729
Chile,2015,male,Millenials: 25-34 years,296,1406921,21.04,"243,999,477,738",14729
Chile,2015,male,Millenials: 15-24 years,224,1400822,15.99,"243,999,477,738",14729
Chile,2015,female,Generation X: 35-54 years,136,2431495,5.59,"243,999,477,738",14729
Chile,2015,female,Boomers: 55-74 years,78,1544550,5.05,"243,999,477,738",14729
Chile,2015,female,Millenials: 25-34 years,66,1359598,4.85,"243,999,477,738",14729
Chile,2015,female,Millenials: 15-24 years,64,1343941,4.76,"243,999,477,738",14729
Chile,2015,female,Silent: 75+ years,21,470618,4.46,"243,999,477,738",14729
Chile,2015,female,Generation Z: 5-14 years,13,1228869,1.06,"243,999,477,738",14729
Chile,2015,male,Generation Z: 5-14 years,9,1275612,0.71,"243,999,477,738",14729
Colombia,2015,male,Silent: 75+ years,82,502228,16.33,"291,519,591,533",6552
Colombia,2015,male,Millenials: 15-24 years,473,4197599,11.27,"291,519,591,533",6552
Colombia,2015,male,Boomers: 55-74 years,317,2926656,10.83,"291,519,591,533",6552
Colombia,2015,male,Millenials: 25-34 years,379,3994717,9.49,"291,519,591,533",6552
Colombia,2015,male,Generation X: 35-54 years,560,6143478,9.12,"291,519,591,533",6552
Colombia,2015,female,Millenials: 15-24 years,176,4070390,4.32,"291,519,591,533",6552
Colombia,2015,female,Millenials: 25-34 years,111,4031995,2.75,"291,519,591,533",6552
Colombia,2015,female,Generation X: 35-54 years,96,6566323,1.46,"291,519,591,533",6552
Colombia,2015,female,Silent: 75+ years,10,715044,1.4,"291,519,591,533",6552
Colombia,2015,female,Boomers: 55-74 years,45,3367078,1.34,"291,519,591,533",6552
Colombia,2015,female,Generation Z: 5-14 years,44,3904896,1.13,"291,519,591,533",6552
Colombia,2015,male,Generation Z: 5-14 years,39,4070023,0.96,"291,519,591,533",6552
Croatia,2015,male,Silent: 75+ years,104,131896,78.85,"49,425,513,611",12351
Croatia,2015,male,Boomers: 55-74 years,207,476580,43.43,"49,425,513,611",12351
Croatia,2015,male,Generation X: 35-54 years,155,575410,26.94,"49,425,513,611",12351
Croatia,2015,female,Silent: 75+ years,56,243369,23.01,"49,425,513,611",12351
Croatia,2015,male,Millenials: 25-34 years,41,280212,14.63,"49,425,513,611",12351
Croatia,2015,male,Millenials: 15-24 years,34,247562,13.73,"49,425,513,611",12351
Croatia,2015,female,Boomers: 55-74 years,75,548940,13.66,"49,425,513,611",12351
Croatia,2015,female,Generation X: 35-54 years,51,576262,8.85,"49,425,513,611",12351
Croatia,2015,female,Millenials: 25-34 years,7,271005,2.58,"49,425,513,611",12351
Croatia,2015,female,Millenials: 15-24 years,6,236301,2.54,"49,425,513,611",12351
Croatia,2015,female,Generation Z: 5-14 years,2,201507,0.99,"49,425,513,611",12351
Croatia,2015,male,Generation Z: 5-14 years,1,212625,0.47,"49,425,513,611",12351
Cuba,2015,male,Silent: 75+ years,257,312547,82.23,"87,132,800,000",8044
Cuba,2015,male,Boomers: 55-74 years,394,1064263,37.02,"87,132,800,000",8044
Cuba,2015,male,Generation X: 35-54 years,418,1879569,22.24,"87,132,800,000",8044
Cuba,2015,female,Silent: 75+ years,56,400826,13.97,"87,132,800,000",8044
Cuba,2015,male,Millenials: 25-34 years,82,773518,10.6,"87,132,800,000",8044
Cuba,2015,female,Boomers: 55-74 years,104,1106391,9.4,"87,132,800,000",8044
Cuba,2015,male,Millenials: 15-24 years,56,745157,7.52,"87,132,800,000",8044
Cuba,2015,female,Generation X: 35-54 years,102,1870168,5.45,"87,132,800,000",8044
Cuba,2015,female,Millenials: 25-34 years,21,746139,2.81,"87,132,800,000",8044
Cuba,2015,female,Millenials: 15-24 years,17,696005,2.44,"87,132,800,000",8044
Cuba,2015,male,Generation Z: 5-14 years,4,636828,0.63,"87,132,800,000",8044
Cuba,2015,female,Generation Z: 5-14 years,0,600657,0.0,"87,132,800,000",8044
Cyprus,2015,male,Boomers: 55-74 years,9,83627,10.76,"19,676,167,240",24718
Cyprus,2015,male,Millenials: 25-34 years,7,67482,10.37,"19,676,167,240",24718
Cyprus,2015,male,Generation X: 35-54 years,10,106371,9.4,"19,676,167,240",24718
Cyprus,2015,male,Millenials: 15-24 years,5,58308,8.58,"19,676,167,240",24718
Cyprus,2015,female,Boomers: 55-74 years,3,87902,3.41,"19,676,167,240",24718
Cyprus,2015,female,Millenials: 25-34 years,2,70765,2.83,"19,676,167,240",24718
Cyprus,2015,female,Generation X: 35-54 years,3,118975,2.52,"19,676,167,240",24718
Cyprus,2015,female,Millenials: 15-24 years,1,58123,1.72,"19,676,167,240",24718
Cyprus,2015,female,Generation Z: 5-14 years,0,44693,0.0,"19,676,167,240",24718
Cyprus,2015,female,Silent: 75+ years,0,29924,0.0,"19,676,167,240",24718
Cyprus,2015,male,Generation Z: 5-14 years,0,46906,0.0,"19,676,167,240",24718
Cyprus,2015,male,Silent: 75+ years,0,22961,0.0,"19,676,167,240",24718
Czech Republic,2015,male,Silent: 75+ years,145,264401,54.84,"186,829,940,546",18703
Czech Republic,2015,male,Boomers: 55-74 years,373,1202553,31.02,"186,829,940,546",18703
Czech Republic,2015,male,Generation X: 35-54 years,404,1602521,25.21,"186,829,940,546",18703
Czech Republic,2015,male,Millenials: 25-34 years,151,737221,20.48,"186,829,940,546",18703
Czech Republic,2015,male,Millenials: 15-24 years,58,546597,10.61,"186,829,940,546",18703
Czech Republic,2015,female,Silent: 75+ years,44,471092,9.34,"186,829,940,546",18703
Czech Republic,2015,female,Boomers: 55-74 years,80,1358421,5.89,"186,829,940,546",18703
Czech Republic,2015,female,Generation X: 35-54 years,86,1528289,5.63,"186,829,940,546",18703
Czech Republic,2015,female,Millenials: 15-24 years,19,521060,3.65,"186,829,940,546",18703
Czech Republic,2015,female,Millenials: 25-34 years,20,698584,2.86,"186,829,940,546",18703
Czech Republic,2015,female,Generation Z: 5-14 years,5,515457,0.97,"186,829,940,546",18703
Czech Republic,2015,male,Generation Z: 5-14 years,2,543129,0.37,"186,829,940,546",18703
Denmark,2015,male,Silent: 75+ years,57,178633,31.91,"301,298,464,861",55972
Denmark,2015,male,Generation X: 35-54 years,159,783366,20.3,"301,298,464,861",55972
Denmark,2015,male,Boomers: 55-74 years,126,651856,19.33,"301,298,464,861",55972
Denmark,2015,female,Silent: 75+ years,32,253300,12.63,"301,298,464,861",55972
Denmark,2015,female,Boomers: 55-74 years,67,673655,9.95,"301,298,464,861",55972
Denmark,2015,male,Millenials: 25-34 years,30,342769,8.75,"301,298,464,861",55972
Denmark,2015,female,Generation X: 35-54 years,51,772844,6.6,"301,298,464,861",55972
Denmark,2015,male,Millenials: 15-24 years,18,374051,4.81,"301,298,464,861",55972
Denmark,2015,female,Millenials: 25-34 years,15,331400,4.53,"301,298,464,861",55972
Denmark,2015,female,Millenials: 15-24 years,6,356882,1.68,"301,298,464,861",55972
Denmark,2015,female,Generation Z: 5-14 years,3,323821,0.93,"301,298,464,861",55972
Denmark,2015,male,Generation Z: 5-14 years,0,340483,0.0,"301,298,464,861",55972
Ecuador,2015,male,Silent: 75+ years,40,191306,20.91,"99,290,381,000",6832
Ecuador,2015,male,Millenials: 15-24 years,234,1492713,15.68,"99,290,381,000",6832
Ecuador,2015,male,Millenials: 25-34 years,185,1293193,14.31,"99,290,381,000",6832
Ecuador,2015,male,Boomers: 55-74 years,108,867314,12.45,"99,290,381,000",6832
Ecuador,2015,male,Generation X: 35-54 years,205,1833181,11.18,"99,290,381,000",6832
Ecuador,2015,female,Millenials: 15-24 years,110,1448112,7.6,"99,290,381,000",6832
Ecuador,2015,female,Millenials: 25-34 years,56,1283175,4.36,"99,290,381,000",6832
Ecuador,2015,female,Generation X: 35-54 years,46,1876229,2.45,"99,290,381,000",6832
Ecuador,2015,female,Boomers: 55-74 years,22,932718,2.36,"99,290,381,000",6832
Ecuador,2015,male,Generation Z: 5-14 years,35,1569519,2.23,"99,290,381,000",6832
Ecuador,2015,female,Silent: 75+ years,5,241437,2.07,"99,290,381,000",6832
Ecuador,2015,female,Generation Z: 5-14 years,27,1505127,1.79,"99,290,381,000",6832
Estonia,2015,male,Silent: 75+ years,20,34253,58.39,"22,566,956,982",18149
Estonia,2015,male,Boomers: 55-74 years,44,126556,34.77,"22,566,956,982",18149
Estonia,2015,male,Millenials: 15-24 years,21,70165,29.93,"22,566,956,982",18149
Estonia,2015,male,Generation X: 35-54 years,48,177053,27.11,"22,566,956,982",18149
Estonia,2015,male,Millenials: 25-34 years,25,99448,25.14,"22,566,956,982",18149
Estonia,2015,female,Silent: 75+ years,9,86804,10.37,"22,566,956,982",18149
Estonia,2015,female,Boomers: 55-74 years,12,172429,6.96,"22,566,956,982",18149
Estonia,2015,female,Generation X: 35-54 years,11,178380,6.17,"22,566,956,982",18149
Estonia,2015,female,Millenials: 25-34 years,2,92783,2.16,"22,566,956,982",18149
Estonia,2015,female,Millenials: 15-24 years,1,66216,1.51,"22,566,956,982",18149
Estonia,2015,female,Generation Z: 5-14 years,1,67802,1.47,"22,566,956,982",18149
Estonia,2015,male,Generation Z: 5-14 years,1,71561,1.4,"22,566,956,982",18149
Finland,2015,male,Silent: 75+ years,53,178936,29.62,"232,464,833,066",44862
Finland,2015,male,Generation X: 35-54 years,190,704220,26.98,"232,464,833,066",44862
Finland,2015,male,Millenials: 25-34 years,92,357334,25.75,"232,464,833,066",44862
Finland,2015,male,Boomers: 55-74 years,159,665885,23.88,"232,464,833,066",44862
Finland,2015,male,Millenials: 15-24 years,59,332082,17.77,"232,464,833,066",44862
Finland,2015,female,Millenials: 25-34 years,30,337446,8.89,"232,464,833,066",44862
Finland,2015,female,Generation X: 35-54 years,55,682671,8.06,"232,464,833,066",44862
Finland,2015,female,Boomers: 55-74 years,55,711135,7.73,"232,464,833,066",44862
Finland,2015,female,Silent: 75+ years,21,295795,7.1,"232,464,833,066",44862
Finland,2015,female,Millenials: 15-24 years,12,317937,3.77,"232,464,833,066",44862
Finland,2015,male,Generation Z: 5-14 years,5,305748,1.64,"232,464,833,066",44862
Finland,2015,female,Generation Z: 5-14 years,0,292608,0.0,"232,464,833,066",44862
Georgia,2015,male,Silent: 75+ years,27,87600,30.82,"13,993,546,732",4046
Georgia,2015,female,Silent: 75+ years,20,166300,12.03,"13,993,546,732",4046
Georgia,2015,male,Boomers: 55-74 years,34,320200,10.62,"13,993,546,732",4046
Georgia,2015,male,Generation X: 35-54 years,46,480200,9.58,"13,993,546,732",4046
Georgia,2015,male,Millenials: 25-34 years,19,271700,6.99,"13,993,546,732",4046
Georgia,2015,male,Millenials: 15-24 years,17,247800,6.86,"13,993,546,732",4046
Georgia,2015,female,Boomers: 55-74 years,13,420700,3.09,"13,993,546,732",4046
Georgia,2015,female,Millenials: 25-34 years,5,272100,1.84,"13,993,546,732",4046
Georgia,2015,female,Generation X: 35-54 years,8,517700,1.55,"13,993,546,732",4046
Georgia,2015,female,Millenials: 15-24 years,2,230200,0.87,"13,993,546,732",4046
Georgia,2015,male,Generation Z: 5-14 years,1,234300,0.43,"13,993,546,732",4046
Georgia,2015,female,Generation Z: 5-14 years,0,209600,0.0,"13,993,546,732",4046
Germany,2015,male,Silent: 75+ years,1729,3487628,49.58,"3,375,611,100,742",43201
Germany,2015,male,Boomers: 55-74 years,2304,9436572,24.42,"3,375,611,100,742",43201
Germany,2015,male,Generation X: 35-54 years,2267,11854531,19.12,"3,375,611,100,742",43201
Germany,2015,male,Millenials: 25-34 years,721,5336932,13.51,"3,375,611,100,742",43201
Germany,2015,female,Silent: 75+ years,635,5338738,11.89,"3,375,611,100,742",43201
Germany,2015,female,Boomers: 55-74 years,908,10054932,9.03,"3,375,611,100,742",43201
Germany,2015,male,Millenials: 15-24 years,376,4520300,8.32,"3,375,611,100,742",43201
Germany,2015,female,Generation X: 35-54 years,800,11616616,6.89,"3,375,611,100,742",43201
Germany,2015,female,Millenials: 25-34 years,193,5061297,3.81,"3,375,611,100,742",43201
Germany,2015,female,Millenials: 15-24 years,136,4195185,3.24,"3,375,611,100,742",43201
Germany,2015,female,Generation Z: 5-14 years,13,3517216,0.37,"3,375,611,100,742",43201
Germany,2015,male,Generation Z: 5-14 years,6,3716736,0.16,"3,375,611,100,742",43201
Greece,2015,male,Silent: 75+ years,70,495592,14.12,"195,541,761,243",18927
Greece,2015,male,Boomers: 55-74 years,139,1157869,12.0,"195,541,761,243",18927
Greece,2015,male,Generation X: 35-54 years,147,1558791,9.43,"195,541,761,243",18927
Greece,2015,male,Millenials: 25-34 years,46,669357,6.87,"195,541,761,243",18927
Greece,2015,male,Millenials: 15-24 years,20,561302,3.56,"195,541,761,243",18927
Greece,2015,female,Boomers: 55-74 years,39,1294582,3.01,"195,541,761,243",18927
Greece,2015,female,Millenials: 25-34 years,17,662893,2.56,"195,541,761,243",18927
Greece,2015,female,Generation X: 35-54 years,36,1627797,2.21,"195,541,761,243",18927
Greece,2015,female,Silent: 75+ years,12,683939,1.75,"195,541,761,243",18927
Greece,2015,female,Millenials: 15-24 years,3,541528,0.55,"195,541,761,243",18927
Greece,2015,female,Generation Z: 5-14 years,0,526126,0.0,"195,541,761,243",18927
Greece,2015,male,Generation Z: 5-14 years,0,551510,0.0,"195,541,761,243",18927
Grenada,2015,female,Millenials: 15-24 years,0,9880,0.0,"997,007,926",10290
Grenada,2015,female,Millenials: 25-34 years,0,10127,0.0,"997,007,926",10290
Grenada,2015,female,Generation X: 35-54 years,0,11086,0.0,"997,007,926",10290
Grenada,2015,female,Generation Z: 5-14 years,0,8948,0.0,"997,007,926",10290
Grenada,2015,female,Boomers: 55-74 years,0,6146,0.0,"997,007,926",10290
Grenada,2015,female,Silent: 75+ years,0,2210,0.0,"997,007,926",10290
Grenada,2015,male,Millenials: 15-24 years,0,10167,0.0,"997,007,926",10290
Grenada,2015,male,Millenials: 25-34 years,0,10597,0.0,"997,007,926",10290
Grenada,2015,male,Generation X: 35-54 years,0,11536,0.0,"997,007,926",10290
Grenada,2015,male,Generation Z: 5-14 years,0,9409,0.0,"997,007,926",10290
Grenada,2015,male,Boomers: 55-74 years,0,5483,0.0,"997,007,926",10290
Grenada,2015,male,Silent: 75+ years,0,1303,0.0,"997,007,926",10290
Guatemala,2015,male,Millenials: 15-24 years,125,1753669,7.13,"63,767,597,194",4472
Guatemala,2015,male,Millenials: 25-34 years,86,1267501,6.79,"63,767,597,194",4472
Guatemala,2015,male,Generation X: 35-54 years,87,1295156,6.72,"63,767,597,194",4472
Guatemala,2015,male,Silent: 75+ years,9,134357,6.7,"63,767,597,194",4472
Guatemala,2015,male,Boomers: 55-74 years,32,537002,5.96,"63,767,597,194",4472
Guatemala,2015,female,Millenials: 15-24 years,83,1711787,4.85,"63,767,597,194",4472
Guatemala,2015,female,Silent: 75+ years,3,167861,1.79,"63,767,597,194",4472
Guatemala,2015,female,Millenials: 25-34 years,19,1313068,1.45,"63,767,597,194",4472
Guatemala,2015,female,Generation X: 35-54 years,20,1530419,1.31,"63,767,597,194",4472
Guatemala,2015,female,Boomers: 55-74 years,6,653079,0.92,"63,767,597,194",4472
Guatemala,2015,female,Generation Z: 5-14 years,13,1906150,0.68,"63,767,597,194",4472
Guatemala,2015,male,Generation Z: 5-14 years,11,1988348,0.55,"63,767,597,194",4472
Hungary,2015,male,Silent: 75+ years,221,241730,91.42,"122,879,042,002",13087
Hungary,2015,male,Boomers: 55-74 years,496,1065443,46.55,"122,879,042,002",13087
Hungary,2015,male,Generation X: 35-54 years,472,1432703,32.94,"122,879,042,002",13087
Hungary,2015,female,Silent: 75+ years,123,514721,23.9,"122,879,042,002",13087
Hungary,2015,male,Millenials: 25-34 years,129,637775,20.23,"122,879,042,002",13087
Hungary,2015,female,Boomers: 55-74 years,181,1350675,13.4,"122,879,042,002",13087
Hungary,2015,male,Millenials: 15-24 years,69,582471,11.85,"122,879,042,002",13087
Hungary,2015,female,Generation X: 35-54 years,132,1429644,9.23,"122,879,042,002",13087
Hungary,2015,female,Millenials: 25-34 years,27,610907,4.42,"122,879,042,002",13087
Hungary,2015,female,Millenials: 15-24 years,15,551149,2.72,"122,879,042,002",13087
Hungary,2015,male,Generation Z: 5-14 years,2,499016,0.4,"122,879,042,002",13087
Hungary,2015,female,Generation Z: 5-14 years,1,473285,0.21,"122,879,042,002",13087
Iceland,2015,male,Millenials: 15-24 years,7,24116,29.03,"16,942,247,374",54909
Iceland,2015,male,Generation X: 35-54 years,11,43119,25.51,"16,942,247,374",54909
Iceland,2015,male,Millenials: 25-34 years,6,24128,24.87,"16,942,247,374",54909
Iceland,2015,female,Boomers: 55-74 years,6,32013,18.74,"16,942,247,374",54909
Iceland,2015,female,Silent: 75+ years,2,11158,17.92,"16,942,247,374",54909
Iceland,2015,male,Boomers: 55-74 years,5,32159,15.55,"16,942,247,374",54909
Iceland,2015,female,Generation X: 35-54 years,2,42858,4.67,"16,942,247,374",54909
Iceland,2015,female,Millenials: 25-34 years,1,22913,4.36,"16,942,247,374",54909
Iceland,2015,female,Millenials: 15-24 years,0,22962,0.0,"16,942,247,374",54909
Iceland,2015,female,Generation Z: 5-14 years,0,21738,0.0,"16,942,247,374",54909
Iceland,2015,male,Generation Z: 5-14 years,0,22771,0.0,"16,942,247,374",54909
Iceland,2015,male,Silent: 75+ years,0,8619,0.0,"16,942,247,374",54909
Israel,2015,male,Silent: 75+ years,30,168826,17.77,"299,093,839,690",39793
Israel,2015,male,Boomers: 55-74 years,65,595247,10.92,"299,093,839,690",39793
Israel,2015,male,Generation X: 35-54 years,92,944406,9.74,"299,093,839,690",39793
Israel,2015,male,Millenials: 25-34 years,45,586251,7.68,"299,093,839,690",39793
Israel,2015,female,Silent: 75+ years,14,241083,5.81,"299,093,839,690",39793
Israel,2015,male,Millenials: 15-24 years,35,644674,5.43,"299,093,839,690",39793
Israel,2015,female,Boomers: 55-74 years,17,664823,2.56,"299,093,839,690",39793
Israel,2015,female,Millenials: 25-34 years,13,581972,2.23,"299,093,839,690",39793
Israel,2015,female,Generation X: 35-54 years,20,967412,2.07,"299,093,839,690",39793
Israel,2015,female,Millenials: 15-24 years,8,617440,1.3,"299,093,839,690",39793
Israel,2015,male,Generation Z: 5-14 years,2,770443,0.26,"299,093,839,690",39793
Israel,2015,female,Generation Z: 5-14 years,1,733603,0.14,"299,093,839,690",39793
Italy,2015,male,Silent: 75+ years,669,2646587,25.28,"1,832,868,490,534",31537
Italy,2015,male,Boomers: 55-74 years,934,6795801,13.74,"1,832,868,490,534",31537
Italy,2015,male,Generation X: 35-54 years,1063,9239883,11.5,"1,832,868,490,534",31537
Italy,2015,male,Millenials: 25-34 years,271,3451808,7.85,"1,832,868,490,534",31537
Italy,2015,male,Millenials: 15-24 years,161,3057509,5.27,"1,832,868,490,534",31537
Italy,2015,female,Boomers: 55-74 years,303,7434895,4.08,"1,832,868,490,534",31537
Italy,2015,female,Silent: 75+ years,156,4115435,3.79,"1,832,868,490,534",31537
Italy,2015,female,Generation X: 35-54 years,320,9386928,3.41,"1,832,868,490,534",31537
Italy,2015,female,Millenials: 25-34 years,64,3394610,1.89,"1,832,868,490,534",31537
Italy,2015,female,Millenials: 15-24 years,34,2874645,1.18,"1,832,868,490,534",31537
Italy,2015,male,Generation Z: 5-14 years,7,2944182,0.24,"1,832,868,490,534",31537
Italy,2015,female,Generation Z: 5-14 years,6,2775414,0.22,"1,832,868,490,534",31537
Japan,2015,male,Silent: 75+ years,2297,6289365,36.52,"4,394,977,752,878",36510
Japan,2015,male,Boomers: 55-74 years,5241,16239222,32.27,"4,394,977,752,878",36510
Japan,2015,male,Generation X: 35-54 years,5507,17461022,31.54,"4,394,977,752,878",36510
Japan,2015,male,Millenials: 25-34 years,1948,6862886,28.38,"4,394,977,752,878",36510
Japan,2015,male,Millenials: 15-24 years,1091,6088330,17.92,"4,394,977,752,878",36510
Japan,2015,female,Silent: 75+ years,1509,9983066,15.12,"4,394,977,752,878",36510
Japan,2015,female,Boomers: 55-74 years,2292,17232482,13.3,"4,394,977,752,878",36510
Japan,2015,female,Generation X: 35-54 years,2024,16991218,11.91,"4,394,977,752,878",36510
Japan,2015,female,Millenials: 25-34 years,685,6614211,10.36,"4,394,977,752,878",36510
Japan,2015,female,Millenials: 15-24 years,408,5772938,7.07,"4,394,977,752,878",36510
Japan,2015,male,Generation Z: 5-14 years,62,5553851,1.12,"4,394,977,752,878",36510
Japan,2015,female,Generation Z: 5-14 years,28,5287719,0.53,"4,394,977,752,878",36510
Kazakhstan,2015,male,Silent: 75+ years,72,156393,46.04,"184,388,432,149",11784
Kazakhstan,2015,male,Generation X: 35-54 years,962,2130654,45.15,"184,388,432,149",11784
Kazakhstan,2015,male,Millenials: 25-34 years,603,1492576,40.4,"184,388,432,149",11784
Kazakhstan,2015,male,Boomers: 55-74 years,363,951365,38.16,"184,388,432,149",11784
Kazakhstan,2015,male,Millenials: 15-24 years,312,1326082,23.53,"184,388,432,149",11784
Kazakhstan,2015,female,Silent: 75+ years,42,343577,12.22,"184,388,432,149",11784
Kazakhstan,2015,female,Millenials: 15-24 years,127,1285407,9.88,"184,388,432,149",11784
Kazakhstan,2015,female,Generation X: 35-54 years,175,2313458,7.56,"184,388,432,149",11784
Kazakhstan,2015,female,Millenials: 25-34 years,108,1524321,7.09,"184,388,432,149",11784
Kazakhstan,2015,female,Boomers: 55-74 years,65,1306669,4.97,"184,388,432,149",11784
Kazakhstan,2015,male,Generation Z: 5-14 years,30,1445862,2.07,"184,388,432,149",11784
Kazakhstan,2015,female,Generation Z: 5-14 years,13,1370388,0.95,"184,388,432,149",11784
Kyrgyzstan,2015,male,Generation X: 35-54 years,134,635515,21.09,"6,678,178,340",1285
Kyrgyzstan,2015,male,Boomers: 55-74 years,37,241078,15.35,"6,678,178,340",1285
Kyrgyzstan,2015,male,Millenials: 25-34 years,68,513358,13.25,"6,678,178,340",1285
Kyrgyzstan,2015,male,Silent: 75+ years,5,41233,12.13,"6,678,178,340",1285
Kyrgyzstan,2015,male,Millenials: 15-24 years,65,557006,11.67,"6,678,178,340",1285
Kyrgyzstan,2015,female,Millenials: 15-24 years,35,537476,6.51,"6,678,178,340",1285
Kyrgyzstan,2015,female,Silent: 75+ years,4,72276,5.53,"6,678,178,340",1285
Kyrgyzstan,2015,female,Generation X: 35-54 years,25,669556,3.73,"6,678,178,340",1285
Kyrgyzstan,2015,male,Generation Z: 5-14 years,18,569962,3.16,"6,678,178,340",1285
Kyrgyzstan,2015,female,Millenials: 25-34 years,12,509797,2.35,"6,678,178,340",1285
Kyrgyzstan,2015,female,Boomers: 55-74 years,7,301107,2.32,"6,678,178,340",1285
Kyrgyzstan,2015,female,Generation Z: 5-14 years,7,547463,1.28,"6,678,178,340",1285
Latvia,2015,male,Silent: 75+ years,33,51293,64.34,"26,972,863,394",14382
Latvia,2015,male,Boomers: 55-74 years,94,190621,49.31,"26,972,863,394",14382
Latvia,2015,male,Generation X: 35-54 years,106,262740,40.34,"26,972,863,394",14382
Latvia,2015,male,Millenials: 25-34 years,48,143639,33.42,"26,972,863,394",14382
Latvia,2015,male,Millenials: 15-24 years,24,105890,22.67,"26,972,863,394",14382
Latvia,2015,female,Silent: 75+ years,22,134138,16.4,"26,972,863,394",14382
Latvia,2015,female,Boomers: 55-74 years,30,274200,10.94,"26,972,863,394",14382
Latvia,2015,female,Generation X: 35-54 years,24,279553,8.59,"26,972,863,394",14382
Latvia,2015,female,Millenials: 15-24 years,3,100065,3.0,"26,972,863,394",14382
Latvia,2015,female,Millenials: 25-34 years,2,136399,1.47,"26,972,863,394",14382
Latvia,2015,male,Generation Z: 5-14 years,1,100914,0.99,"26,972,863,394",14382
Latvia,2015,female,Generation Z: 5-14 years,0,96070,0.0,"26,972,863,394",14382
Lithuania,2015,male,Silent: 75+ years,67,79672,84.09,"41,508,609,233",15073
Lithuania,2015,male,Boomers: 55-74 years,216,273776,78.9,"41,508,609,233",15073
Lithuania,2015,male,Generation X: 35-54 years,275,387255,71.01,"41,508,609,233",15073
Lithuania,2015,male,Millenials: 25-34 years,101,190800,52.94,"41,508,609,233",15073
Lithuania,2015,male,Millenials: 15-24 years,66,188903,34.94,"41,508,609,233",15073
Lithuania,2015,female,Silent: 75+ years,38,191358,19.86,"41,508,609,233",15073
Lithuania,2015,female,Boomers: 55-74 years,55,386892,14.22,"41,508,609,233",15073
Lithuania,2015,female,Generation X: 35-54 years,46,419841,10.96,"41,508,609,233",15073
Lithuania,2015,female,Millenials: 25-34 years,17,182926,9.29,"41,508,609,233",15073
Lithuania,2015,female,Millenials: 15-24 years,10,178882,5.59,"41,508,609,233",15073
Lithuania,2015,female,Generation Z: 5-14 years,3,133506,2.25,"41,508,609,233",15073
Lithuania,2015,male,Generation Z: 5-14 years,2,140115,1.43,"41,508,609,233",15073
Luxembourg,2015,male,Boomers: 55-74 years,16,54325,29.45,"57,784,495,265",107456
Luxembourg,2015,male,Silent: 75+ years,4,15011,26.65,"57,784,495,265",107456
Luxembourg,2015,male,Generation X: 35-54 years,17,90095,18.87,"57,784,495,265",107456
Luxembourg,2015,female,Boomers: 55-74 years,9,53878,16.7,"57,784,495,265",107456
Luxembourg,2015,male,Millenials: 15-24 years,4,34757,11.51,"57,784,495,265",107456
Luxembourg,2015,male,Millenials: 25-34 years,4,42930,9.32,"57,784,495,265",107456
Luxembourg,2015,female,Silent: 75+ years,2,23189,8.62,"57,784,495,265",107456
Luxembourg,2015,female,Generation X: 35-54 years,6,85928,6.98,"57,784,495,265",107456
Luxembourg,2015,female,Generation Z: 5-14 years,1,30367,3.29,"57,784,495,265",107456
Luxembourg,2015,female,Millenials: 15-24 years,1,33170,3.01,"57,784,495,265",107456
Luxembourg,2015,female,Millenials: 25-34 years,0,42000,0.0,"57,784,495,265",107456
Luxembourg,2015,male,Generation Z: 5-14 years,0,32098,0.0,"57,784,495,265",107456
Malta,2015,male,Millenials: 25-34 years,8,33179,24.11,"10,574,026,838",25750
Malta,2015,male,Generation X: 35-54 years,9,57603,15.62,"10,574,026,838",25750
Malta,2015,male,Boomers: 55-74 years,8,53017,15.09,"10,574,026,838",25750
Malta,2015,male,Millenials: 15-24 years,2,27768,7.2,"10,574,026,838",25750
Malta,2015,female,Generation X: 35-54 years,3,55098,5.44,"10,574,026,838",25750
Malta,2015,female,Millenials: 15-24 years,1,25588,3.91,"10,574,026,838",25750
Malta,2015,female,Boomers: 55-74 years,2,55161,3.63,"10,574,026,838",25750
Malta,2015,female,Millenials: 25-34 years,1,30613,3.27,"10,574,026,838",25750
Malta,2015,female,Generation Z: 5-14 years,0,19625,0.0,"10,574,026,838",25750
Malta,2015,female,Silent: 75+ years,0,19379,0.0,"10,574,026,838",25750
Malta,2015,male,Generation Z: 5-14 years,0,20817,0.0,"10,574,026,838",25750
Malta,2015,male,Silent: 75+ years,0,12789,0.0,"10,574,026,838",25750
Mauritius,2015,male,Generation X: 35-54 years,37,180202,20.53,"11,692,287,066",10125
Mauritius,2015,male,Millenials: 25-34 years,16,88362,18.11,"11,692,287,066",10125
Mauritius,2015,male,Millenials: 15-24 years,14,96489,14.51,"11,692,287,066",10125
Mauritius,2015,male,Silent: 75+ years,2,15510,12.89,"11,692,287,066",10125
Mauritius,2015,female,Millenials: 25-34 years,10,86613,11.55,"11,692,287,066",10125
Mauritius,2015,male,Boomers: 55-74 years,9,103727,8.68,"11,692,287,066",10125
Mauritius,2015,female,Millenials: 15-24 years,7,94082,7.44,"11,692,287,066",10125
Mauritius,2015,female,Boomers: 55-74 years,4,116373,3.44,"11,692,287,066",10125
Mauritius,2015,female,Generation X: 35-54 years,5,177447,2.82,"11,692,287,066",10125
Mauritius,2015,female,Generation Z: 5-14 years,0,83838,0.0,"11,692,287,066",10125
Mauritius,2015,female,Silent: 75+ years,0,25820,0.0,"11,692,287,066",10125
Mauritius,2015,male,Generation Z: 5-14 years,0,86385,0.0,"11,692,287,066",10125
Mexico,2015,male,Millenials: 25-34 years,1195,10243158,11.67,"1,169,622,672,463",10228
Mexico,2015,male,Millenials: 15-24 years,1347,11676480,11.54,"1,169,622,672,463",10228
Mexico,2015,male,Silent: 75+ years,163,1427654,11.42,"1,169,622,672,463",10228
Mexico,2015,male,Generation X: 35-54 years,1560,15181008,10.28,"1,169,622,672,463",10228
Mexico,2015,male,Boomers: 55-74 years,584,6465941,9.03,"1,169,622,672,463",10228
Mexico,2015,female,Millenials: 15-24 years,484,11354811,4.26,"1,169,622,672,463",10228
Mexico,2015,female,Millenials: 25-34 years,267,10079012,2.65,"1,169,622,672,463",10228
Mexico,2015,female,Generation X: 35-54 years,303,15940497,1.9,"1,169,622,672,463",10228
Mexico,2015,female,Boomers: 55-74 years,88,7021916,1.25,"1,169,622,672,463",10228
Mexico,2015,male,Generation Z: 5-14 years,137,11790898,1.16,"1,169,622,672,463",10228
Mexico,2015,female,Generation Z: 5-14 years,95,11261292,0.84,"1,169,622,672,463",10228
Mexico,2015,female,Silent: 75+ years,11,1915217,0.57,"1,169,622,672,463",10228
Netherlands,2015,male,Silent: 75+ years,129,523197,24.66,"757,999,453,314",47206
Netherlands,2015,male,Boomers: 55-74 years,418,1966083,21.26,"757,999,453,314",47206
Netherlands,2015,male,Generation X: 35-54 years,499,2362263,21.12,"757,999,453,314",47206
Netherlands,2015,male,Millenials: 25-34 years,146,1045012,13.97,"757,999,453,314",47206
Netherlands,2015,female,Boomers: 55-74 years,220,1998082,11.01,"757,999,453,314",47206
Netherlands,2015,female,Generation X: 35-54 years,211,2353550,8.97,"757,999,453,314",47206
Netherlands,2015,male,Millenials: 15-24 years,89,1058675,8.41,"757,999,453,314",47206
Netherlands,2015,female,Silent: 75+ years,55,770107,7.14,"757,999,453,314",47206
Netherlands,2015,female,Millenials: 25-34 years,65,1030867,6.31,"757,999,453,314",47206
Netherlands,2015,female,Millenials: 15-24 years,34,1018674,3.34,"757,999,453,314",47206
Netherlands,2015,female,Generation Z: 5-14 years,6,943082,0.64,"757,999,453,314",47206
Netherlands,2015,male,Generation Z: 5-14 years,1,987750,0.1,"757,999,453,314",47206
Nicaragua,2015,male,Silent: 75+ years,7,56061,12.49,"12,611,087,031",2303
Nicaragua,2015,male,Millenials: 25-34 years,65,534310,12.17,"12,611,087,031",2303
Nicaragua,2015,male,Millenials: 15-24 years,68,612707,11.1,"12,611,087,031",2303
Nicaragua,2015,male,Generation X: 35-54 years,67,606317,11.05,"12,611,087,031",2303
Nicaragua,2015,male,Boomers: 55-74 years,18,250532,7.18,"12,611,087,031",2303
Nicaragua,2015,female,Millenials: 15-24 years,41,581787,7.05,"12,611,087,031",2303
Nicaragua,2015,female,Millenials: 25-34 years,19,541679,3.51,"12,611,087,031",2303
Nicaragua,2015,female,Generation X: 35-54 years,14,692648,2.02,"12,611,087,031",2303
Nicaragua,2015,female,Boomers: 55-74 years,4,303372,1.32,"12,611,087,031",2303
Nicaragua,2015,female,Generation Z: 5-14 years,7,592557,1.18,"12,611,087,031",2303
Nicaragua,2015,male,Generation Z: 5-14 years,5,628588,0.8,"12,611,087,031",2303
Nicaragua,2015,female,Silent: 75+ years,0,75925,0.0,"12,611,087,031",2303
Norway,2015,male,Boomers: 55-74 years,119,544268,21.86,"386,663,139,403",79187
Norway,2015,male,Silent: 75+ years,32,146511,21.84,"386,663,139,403",79187
Norway,2015,male,Generation X: 35-54 years,140,736827,19.0,"386,663,139,403",79187
Norway,2015,male,Millenials: 25-34 years,64,361373,17.71,"386,663,139,403",79187
Norway,2015,male,Millenials: 15-24 years,43,345115,12.46,"386,663,139,403",79187
Norway,2015,female,Boomers: 55-74 years,62,544131,11.39,"386,663,139,403",79187
Norway,2015,female,Millenials: 25-34 years,31,344788,8.99,"386,663,139,403",79187
Norway,2015,female,Generation X: 35-54 years,61,692881,8.8,"386,663,139,403",79187
Norway,2015,female,Silent: 75+ years,17,215829,7.88,"386,663,139,403",79187
Norway,2015,female,Millenials: 15-24 years,17,325007,5.23,"386,663,139,403",79187
Norway,2015,female,Generation Z: 5-14 years,2,305804,0.65,"386,663,139,403",79187
Norway,2015,male,Generation Z: 5-14 years,2,320375,0.62,"386,663,139,403",79187
Panama,2015,male,Silent: 75+ years,8,56048,14.27,"54,315,722,500",15158
Panama,2015,male,Millenials: 25-34 years,26,306724,8.48,"54,315,722,500",15158
Panama,2015,male,Boomers: 55-74 years,14,228981,6.11,"54,315,722,500",15158
Panama,2015,male,Generation X: 35-54 years,26,495960,5.24,"54,315,722,500",15158
Panama,2015,male,Millenials: 15-24 years,16,338328,4.73,"54,315,722,500",15158
Panama,2015,female,Millenials: 15-24 years,8,328479,2.44,"54,315,722,500",15158
Panama,2015,female,Millenials: 25-34 years,4,300748,1.33,"54,315,722,500",15158
Panama,2015,female,Boomers: 55-74 years,3,243511,1.23,"54,315,722,500",15158
Panama,2015,female,Generation X: 35-54 years,4,496986,0.8,"54,315,722,500",15158
Panama,2015,male,Generation Z: 5-14 years,1,367146,0.27,"54,315,722,500",15158
Panama,2015,female,Generation Z: 5-14 years,0,352852,0.0,"54,315,722,500",15158
Panama,2015,female,Silent: 75+ years,0,67619,0.0,"54,315,722,500",15158
Poland,2015,male,Boomers: 55-74 years,1524,4043381,37.69,"477,355,617,456",13228
Poland,2015,male,Generation X: 35-54 years,1665,5194280,32.05,"477,355,617,456",13228
Poland,2015,male,Silent: 75+ years,288,902310,31.92,"477,355,617,456",13228
Poland,2015,male,Millenials: 25-34 years,768,3043082,25.24,"477,355,617,456",13228
Poland,2015,male,Millenials: 15-24 years,440,2274111,19.35,"477,355,617,456",13228
Poland,2015,female,Boomers: 55-74 years,251,4778252,5.25,"477,355,617,456",13228
Poland,2015,female,Generation X: 35-54 years,256,5143247,4.98,"477,355,617,456",13228
Poland,2015,female,Silent: 75+ years,77,1790695,4.3,"477,355,617,456",13228
Poland,2015,female,Millenials: 15-24 years,61,2176442,2.8,"477,355,617,456",13228
Poland,2015,female,Millenials: 25-34 years,71,2931931,2.42,"477,355,617,456",13228
Poland,2015,male,Generation Z: 5-14 years,12,1953588,0.61,"477,355,617,456",13228
Poland,2015,female,Generation Z: 5-14 years,7,1855256,0.38,"477,355,617,456",13228
Puerto Rico,2015,male,Silent: 75+ years,25,90392,27.66,"103,143,500,000",29728
Puerto Rico,2015,male,Boomers: 55-74 years,66,312933,21.09,"103,143,500,000",29728
Puerto Rico,2015,male,Generation X: 35-54 years,74,463417,15.97,"103,143,500,000",29728
Puerto Rico,2015,male,Millenials: 25-34 years,26,259881,10.0,"103,143,500,000",29728
Puerto Rico,2015,male,Millenials: 15-24 years,9,282974,3.18,"103,143,500,000",29728
Puerto Rico,2015,female,Boomers: 55-74 years,10,384967,2.6,"103,143,500,000",29728
Puerto Rico,2015,female,Millenials: 25-34 years,5,264053,1.89,"103,143,500,000",29728
Puerto Rico,2015,female,Generation X: 35-54 years,7,514290,1.36,"103,143,500,000",29728
Puerto Rico,2015,female,Millenials: 15-24 years,2,272389,0.73,"103,143,500,000",29728
Puerto Rico,2015,female,Silent: 75+ years,1,142678,0.7,"103,143,500,000",29728
Puerto Rico,2015,male,Generation Z: 5-14 years,1,251369,0.4,"103,143,500,000",29728
Puerto Rico,2015,female,Generation Z: 5-14 years,0,230178,0.0,"103,143,500,000",29728
Qatar,2015,male,Millenials: 15-24 years,13,277494,4.68,"164,641,483,516",69937
Qatar,2015,male,Generation X: 35-54 years,23,651297,3.53,"164,641,483,516",69937
Qatar,2015,male,Millenials: 25-34 years,20,672458,2.97,"164,641,483,516",69937
Qatar,2015,female,Generation X: 35-54 years,5,169638,2.95,"164,641,483,516",69937
Qatar,2015,female,Millenials: 15-24 years,2,85120,2.35,"164,641,483,516",69937
Qatar,2015,female,Millenials: 25-34 years,2,162310,1.23,"164,641,483,516",69937
Qatar,2015,male,Boomers: 55-74 years,1,88140,1.13,"164,641,483,516",69937
Qatar,2015,female,Generation Z: 5-14 years,0,104727,0.0,"164,641,483,516",69937
Qatar,2015,female,Boomers: 55-74 years,0,23389,0.0,"164,641,483,516",69937
Qatar,2015,female,Silent: 75+ years,0,2996,0.0,"164,641,483,516",69937
Qatar,2015,male,Generation Z: 5-14 years,0,110987,0.0,"164,641,483,516",69937
Qatar,2015,male,Silent: 75+ years,0,5591,0.0,"164,641,483,516",69937
Republic of Korea,2015,male,Silent: 75+ years,1329,944284,140.74,"1,382,764,027,114",28410
Republic of Korea,2015,male,Boomers: 55-74 years,3123,5071921,61.57,"1,382,764,027,114",28410
Republic of Korea,2015,female,Silent: 75+ years,750,1721418,43.57,"1,382,764,027,114",28410
Republic of Korea,2015,male,Generation X: 35-54 years,3678,8593620,42.8,"1,382,764,027,114",28410
Republic of Korea,2015,male,Millenials: 25-34 years,988,3573299,27.65,"1,382,764,027,114",28410
Republic of Korea,2015,female,Boomers: 55-74 years,990,5412589,18.29,"1,382,764,027,114",28410
Republic of Korea,2015,female,Millenials: 25-34 years,572,3353452,17.06,"1,382,764,027,114",28410
Republic of Korea,2015,female,Generation X: 35-54 years,1372,8337331,16.46,"1,382,764,027,114",28410
Republic of Korea,2015,male,Millenials: 15-24 years,421,3580725,11.76,"1,382,764,027,114",28410
Republic of Korea,2015,female,Millenials: 15-24 years,256,3211732,7.97,"1,382,764,027,114",28410
Republic of Korea,2015,male,Generation Z: 5-14 years,17,2523952,0.67,"1,382,764,027,114",28410
Republic of Korea,2015,female,Generation Z: 5-14 years,14,2347429,0.6,"1,382,764,027,114",28410
Romania,2015,male,Silent: 75+ years,189,578683,32.66,"177,911,101,680",9431
Romania,2015,male,Boomers: 55-74 years,631,2065830,30.54,"177,911,101,680",9431
Romania,2015,male,Generation X: 35-54 years,734,2931496,25.04,"177,911,101,680",9431
Romania,2015,male,Millenials: 25-34 years,198,1398510,14.16,"177,911,101,680",9431
Romania,2015,male,Millenials: 15-24 years,123,1126484,10.92,"177,911,101,680",9431
Romania,2015,female,Silent: 75+ years,66,991307,6.66,"177,911,101,680",9431
Romania,2015,female,Boomers: 55-74 years,129,2467460,5.23,"177,911,101,680",9431
Romania,2015,female,Generation X: 35-54 years,104,2818504,3.69,"177,911,101,680",9431
Romania,2015,female,Millenials: 25-34 years,24,1307443,1.84,"177,911,101,680",9431
Romania,2015,female,Millenials: 15-24 years,15,1060311,1.41,"177,911,101,680",9431
Romania,2015,male,Generation Z: 5-14 years,11,1088177,1.01,"177,911,101,680",9431
Romania,2015,female,Generation Z: 5-14 years,4,1029722,0.39,"177,911,101,680",9431
Russian Federation,2015,male,Silent: 75+ years,1519,2608590,58.23,"1,368,400,705,491",9987
Russian Federation,2015,male,Generation X: 35-54 years,7898,19598084,40.3,"1,368,400,705,491",9987
Russian Federation,2015,male,Millenials: 25-34 years,4994,12407057,40.25,"1,368,400,705,491",9987
Russian Federation,2015,male,Boomers: 55-74 years,4443,12564884,35.36,"1,368,400,705,491",9987
Russian Federation,2015,male,Millenials: 15-24 years,1928,7995706,24.11,"1,368,400,705,491",9987
Russian Federation,2015,female,Silent: 75+ years,953,6957819,13.7,"1,368,400,705,491",9987
Russian Federation,2015,female,Generation X: 35-54 years,1391,21387236,6.5,"1,368,400,705,491",9987
Russian Federation,2015,female,Millenials: 25-34 years,730,12264840,5.95,"1,368,400,705,491",9987
Russian Federation,2015,female,Boomers: 55-74 years,1062,18280577,5.81,"1,368,400,705,491",9987
Russian Federation,2015,female,Millenials: 15-24 years,378,7653174,4.94,"1,368,400,705,491",9987
Russian Federation,2015,male,Generation Z: 5-14 years,79,7836667,1.01,"1,368,400,705,491",9987
Russian Federation,2015,female,Generation Z: 5-14 years,57,7464309,0.76,"1,368,400,705,491",9987
Saint Vincent and Grenadines,2015,female,Generation Z: 5-14 years,1,9071,11.02,"756,666,667",7496
Saint Vincent and Grenadines,2015,male,Millenials: 15-24 years,1,9783,10.22,"756,666,667",7496
Saint Vincent and Grenadines,2015,male,Generation X: 35-54 years,1,14619,6.84,"756,666,667",7496
Saint Vincent and Grenadines,2015,female,Millenials: 15-24 years,0,9515,0.0,"756,666,667",7496
Saint Vincent and Grenadines,2015,female,Millenials: 25-34 years,0,8622,0.0,"756,666,667",7496
Saint Vincent and Grenadines,2015,female,Generation X: 35-54 years,0,13809,0.0,"756,666,667",7496
Saint Vincent and Grenadines,2015,female,Boomers: 55-74 years,0,6999,0.0,"756,666,667",7496
Saint Vincent and Grenadines,2015,female,Silent: 75+ years,0,2012,0.0,"756,666,667",7496
Saint Vincent and Grenadines,2015,male,Millenials: 25-34 years,0,8762,0.0,"756,666,667",7496
Saint Vincent and Grenadines,2015,male,Generation Z: 5-14 years,0,9266,0.0,"756,666,667",7496
Saint Vincent and Grenadines,2015,male,Boomers: 55-74 years,0,7031,0.0,"756,666,667",7496
Saint Vincent and Grenadines,2015,male,Silent: 75+ years,0,1459,0.0,"756,666,667",7496
Serbia,2015,male,Silent: 75+ years,189,228745,82.62,"37,160,332,465",5492
Serbia,2015,male,Boomers: 55-74 years,286,852168,33.56,"37,160,332,465",5492
Serbia,2015,male,Generation X: 35-54 years,219,967544,22.63,"37,160,332,465",5492
Serbia,2015,female,Silent: 75+ years,77,351830,21.89,"37,160,332,465",5492
Serbia,2015,male,Millenials: 25-34 years,70,480793,14.56,"37,160,332,465",5492
Serbia,2015,female,Boomers: 55-74 years,98,976577,10.04,"37,160,332,465",5492
Serbia,2015,male,Millenials: 15-24 years,27,400082,6.75,"37,160,332,465",5492
Serbia,2015,female,Generation X: 35-54 years,65,975773,6.66,"37,160,332,465",5492
Serbia,2015,female,Millenials: 25-34 years,21,461733,4.55,"37,160,332,465",5492
Serbia,2015,female,Millenials: 15-24 years,7,378130,1.85,"37,160,332,465",5492
Serbia,2015,male,Generation Z: 5-14 years,2,356525,0.56,"37,160,332,465",5492
Serbia,2015,female,Generation Z: 5-14 years,1,336506,0.3,"37,160,332,465",5492
Seychelles,2015,male,Generation X: 35-54 years,3,14210,21.11,"1,375,604,279",16005
Seychelles,2015,female,Millenials: 15-24 years,1,5957,16.79,"1,375,604,279",16005
Seychelles,2015,male,Millenials: 15-24 years,1,6393,15.64,"1,375,604,279",16005
Seychelles,2015,male,Boomers: 55-74 years,1,6903,14.49,"1,375,604,279",16005
Seychelles,2015,male,Millenials: 25-34 years,1,7565,13.22,"1,375,604,279",16005
Seychelles,2015,female,Millenials: 25-34 years,0,7204,0.0,"1,375,604,279",16005
Seychelles,2015,female,Generation X: 35-54 years,0,14823,0.0,"1,375,604,279",16005
Seychelles,2015,female,Generation Z: 5-14 years,0,6271,0.0,"1,375,604,279",16005
Seychelles,2015,female,Boomers: 55-74 years,0,7198,0.0,"1,375,604,279",16005
Seychelles,2015,female,Silent: 75+ years,0,2025,0.0,"1,375,604,279",16005
Seychelles,2015,male,Generation Z: 5-14 years,0,6324,0.0,"1,375,604,279",16005
Seychelles,2015,male,Silent: 75+ years,0,1076,0.0,"1,375,604,279",16005
Singapore,2015,male,Silent: 75+ years,15,71060,21.11,"304,097,759,674",81766
Singapore,2015,male,Boomers: 55-74 years,73,403996,18.07,"304,097,759,674",81766
Singapore,2015,male,Generation X: 35-54 years,79,606327,13.03,"304,097,759,674",81766
Singapore,2015,female,Silent: 75+ years,13,103599,12.55,"304,097,759,674",81766
Singapore,2015,male,Millenials: 25-34 years,30,270351,11.1,"304,097,759,674",81766
Singapore,2015,male,Millenials: 15-24 years,19,257780,7.37,"304,097,759,674",81766
Singapore,2015,female,Boomers: 55-74 years,28,416616,6.72,"304,097,759,674",81766
Singapore,2015,female,Millenials: 25-34 years,18,291298,6.18,"304,097,759,674",81766
Singapore,2015,female,Millenials: 15-24 years,15,249249,6.02,"304,097,759,674",81766
Singapore,2015,female,Generation X: 35-54 years,36,629999,5.71,"304,097,759,674",81766
Singapore,2015,male,Generation Z: 5-14 years,2,213262,0.94,"304,097,759,674",81766
Singapore,2015,female,Generation Z: 5-14 years,1,205578,0.49,"304,097,759,674",81766
Slovenia,2015,male,Silent: 75+ years,62,62345,99.45,"43,072,415,017",22036
Slovenia,2015,male,Boomers: 55-74 years,120,239919,50.02,"43,072,415,017",22036
Slovenia,2015,male,Generation X: 35-54 years,106,315248,33.62,"43,072,415,017",22036
Slovenia,2015,male,Millenials: 25-34 years,29,144722,20.04,"43,072,415,017",22036
Slovenia,2015,female,Silent: 75+ years,19,114010,16.67,"43,072,415,017",22036
Slovenia,2015,female,Boomers: 55-74 years,40,252261,15.86,"43,072,415,017",22036
Slovenia,2015,male,Millenials: 15-24 years,14,103331,13.55,"43,072,415,017",22036
Slovenia,2015,female,Generation X: 35-54 years,23,295637,7.78,"43,072,415,017",22036
Slovenia,2015,female,Millenials: 25-34 years,5,132806,3.76,"43,072,415,017",22036
Slovenia,2015,female,Millenials: 15-24 years,3,97579,3.07,"43,072,415,017",22036
Slovenia,2015,male,Generation Z: 5-14 years,1,101184,0.99,"43,072,415,017",22036
Slovenia,2015,female,Generation Z: 5-14 years,0,95590,0.0,"43,072,415,017",22036
South Africa,2015,male,Silent: 75+ years,8,285743,2.8,"317,741,039,198",6403
South Africa,2015,male,Millenials: 25-34 years,126,5001052,2.52,"317,741,039,198",6403
South Africa,2015,male,Millenials: 15-24 years,90,5190482,1.73,"317,741,039,198",6403
South Africa,2015,male,Boomers: 55-74 years,41,2426511,1.69,"317,741,039,198",6403
South Africa,2015,male,Generation X: 35-54 years,101,6066751,1.66,"317,741,039,198",6403
South Africa,2015,female,Millenials: 15-24 years,34,5105930,0.67,"317,741,039,198",6403
South Africa,2015,female,Millenials: 25-34 years,27,4822164,0.56,"317,741,039,198",6403
South Africa,2015,female,Generation X: 35-54 years,26,6396045,0.41,"317,741,039,198",6403
South Africa,2015,female,Silent: 75+ years,2,615701,0.32,"317,741,039,198",6403
South Africa,2015,female,Boomers: 55-74 years,10,3155486,0.32,"317,741,039,198",6403
South Africa,2015,male,Generation Z: 5-14 years,11,5318168,0.21,"317,741,039,198",6403
South Africa,2015,female,Generation Z: 5-14 years,6,5243427,0.11,"317,741,039,198",6403
Spain,2015,male,Silent: 75+ years,573,1693221,33.84,"1,197,789,902,774",27108
Spain,2015,male,Boomers: 55-74 years,736,4750328,15.49,"1,197,789,902,774",27108
Spain,2015,male,Generation X: 35-54 years,1015,7551081,13.44,"1,197,789,902,774",27108
Spain,2015,male,Millenials: 25-34 years,241,2897590,8.32,"1,197,789,902,774",27108
Spain,2015,female,Silent: 75+ years,168,2624796,6.4,"1,197,789,902,774",27108
Spain,2015,female,Boomers: 55-74 years,281,5125562,5.48,"1,197,789,902,774",27108
Spain,2015,female,Generation X: 35-54 years,360,7389698,4.87,"1,197,789,902,774",27108
Spain,2015,male,Millenials: 15-24 years,109,2287320,4.77,"1,197,789,902,774",27108
Spain,2015,female,Millenials: 25-34 years,66,2884411,2.29,"1,197,789,902,774",27108
Spain,2015,female,Millenials: 15-24 years,47,2177807,2.16,"1,197,789,902,774",27108
Spain,2015,male,Generation Z: 5-14 years,7,2475209,0.28,"1,197,789,902,774",27108
Spain,2015,female,Generation Z: 5-14 years,1,2329505,0.04,"1,197,789,902,774",27108
Sweden,2015,male,Silent: 75+ years,115,341315,33.69,"497,918,109,302",54629
Sweden,2015,male,Boomers: 55-74 years,268,1097579,24.42,"497,918,109,302",54629
Sweden,2015,male,Generation X: 35-54 years,288,1289581,22.33,"497,918,109,302",54629
Sweden,2015,male,Millenials: 25-34 years,108,638657,16.91,"497,918,109,302",54629
Sweden,2015,male,Millenials: 15-24 years,69,621210,11.11,"497,918,109,302",54629
Sweden,2015,female,Boomers: 55-74 years,102,1112312,9.17,"497,918,109,302",54629
Sweden,2015,female,Generation X: 35-54 years,100,1249962,8.0,"497,918,109,302",54629
Sweden,2015,female,Millenials: 25-34 years,48,609532,7.87,"497,918,109,302",54629
Sweden,2015,female,Silent: 75+ years,38,485940,7.82,"497,918,109,302",54629
Sweden,2015,female,Millenials: 15-24 years,38,585957,6.49,"497,918,109,302",54629
Sweden,2015,female,Generation Z: 5-14 years,5,526361,0.95,"497,918,109,302",54629
Sweden,2015,male,Generation Z: 5-14 years,3,556118,0.54,"497,918,109,302",54629
Switzerland,2015,male,Silent: 75+ years,143,275569,51.89,"679,289,166,858",86068
Switzerland,2015,male,Boomers: 55-74 years,264,891482,29.61,"679,289,166,858",86068
Switzerland,2015,male,Generation X: 35-54 years,242,1248988,19.38,"679,289,166,858",86068
Switzerland,2015,male,Millenials: 25-34 years,80,586880,13.63,"679,289,166,858",86068
Switzerland,2015,male,Millenials: 15-24 years,62,482708,12.84,"679,289,166,858",86068
Switzerland,2015,female,Silent: 75+ years,41,414205,9.9,"679,289,166,858",86068
Switzerland,2015,female,Generation X: 35-54 years,111,1227126,9.05,"679,289,166,858",86068
Switzerland,2015,female,Boomers: 55-74 years,82,922222,8.89,"679,289,166,858",86068
Switzerland,2015,female,Millenials: 15-24 years,20,462559,4.32,"679,289,166,858",86068
Switzerland,2015,female,Millenials: 25-34 years,24,577973,4.15,"679,289,166,858",86068
Switzerland,2015,female,Generation Z: 5-14 years,2,390910,0.51,"679,289,166,858",86068
Switzerland,2015,male,Generation Z: 5-14 years,2,411880,0.49,"679,289,166,858",86068
Thailand,2015,male,Silent: 75+ years,174,1068139,16.29,"401,399,422,443",6552
Thailand,2015,male,Generation X: 35-54 years,1482,10101149,14.67,"401,399,422,443",6552
Thailand,2015,male,Boomers: 55-74 years,718,4990958,14.39,"401,399,422,443",6552
Thailand,2015,male,Millenials: 25-34 years,663,4873464,13.6,"401,399,422,443",6552
Thailand,2015,male,Millenials: 15-24 years,317,4847684,6.54,"401,399,422,443",6552
Thailand,2015,female,Boomers: 55-74 years,248,5795996,4.28,"401,399,422,443",6552
Thailand,2015,female,Silent: 75+ years,63,1527522,4.12,"401,399,422,443",6552
Thailand,2015,female,Generation X: 35-54 years,363,10646859,3.41,"401,399,422,443",6552
Thailand,2015,female,Millenials: 25-34 years,96,4783703,2.01,"401,399,422,443",6552
Thailand,2015,female,Millenials: 15-24 years,55,4632371,1.19,"401,399,422,443",6552
Thailand,2015,female,Generation Z: 5-14 years,14,3881727,0.36,"401,399,422,443",6552
Thailand,2015,male,Generation Z: 5-14 years,12,4111704,0.29,"401,399,422,443",6552
Turkey,2015,male,Silent: 75+ years,61,986961,6.18,"859,796,872,794",11961
Turkey,2015,male,Boomers: 55-74 years,223,5079228,4.39,"859,796,872,794",11961
Turkey,2015,male,Millenials: 25-34 years,241,6452161,3.74,"859,796,872,794",11961
Turkey,2015,male,Generation X: 35-54 years,385,10466600,3.68,"859,796,872,794",11961
Turkey,2015,male,Millenials: 15-24 years,207,6573627,3.15,"859,796,872,794",11961
Turkey,2015,female,Millenials: 15-24 years,131,6267398,2.09,"859,796,872,794",11961
Turkey,2015,female,Silent: 75+ years,25,1479388,1.69,"859,796,872,794",11961
Turkey,2015,female,Millenials: 25-34 years,72,6288287,1.14,"859,796,872,794",11961
Turkey,2015,female,Generation X: 35-54 years,109,10293526,1.06,"859,796,872,794",11961
Turkey,2015,female,Boomers: 55-74 years,42,5456986,0.77,"859,796,872,794",11961
Turkey,2015,female,Generation Z: 5-14 years,18,6100840,0.3,"859,796,872,794",11961
Turkey,2015,male,Generation Z: 5-14 years,18,6435462,0.28,"859,796,872,794",11961
Turkmenistan,2015,male,Generation X: 35-54 years,38,620958,6.12,"35,799,628,571",7326
Turkmenistan,2015,male,Millenials: 15-24 years,31,515349,6.02,"35,799,628,571",7326
Turkmenistan,2015,female,Millenials: 15-24 years,21,505233,4.16,"35,799,628,571",7326
Turkmenistan,2015,male,Boomers: 55-74 years,7,225820,3.1,"35,799,628,571",7326
Turkmenistan,2015,male,Millenials: 25-34 years,15,484397,3.1,"35,799,628,571",7326
Turkmenistan,2015,female,Millenials: 25-34 years,11,487637,2.26,"35,799,628,571",7326
Turkmenistan,2015,female,Silent: 75+ years,1,58753,1.7,"35,799,628,571",7326
Turkmenistan,2015,female,Boomers: 55-74 years,3,280211,1.07,"35,799,628,571",7326
Turkmenistan,2015,female,Generation X: 35-54 years,5,657432,0.76,"35,799,628,571",7326
Turkmenistan,2015,male,Generation Z: 5-14 years,1,513926,0.19,"35,799,628,571",7326
Turkmenistan,2015,female,Generation Z: 5-14 years,0,501611,0.0,"35,799,628,571",7326
Turkmenistan,2015,male,Silent: 75+ years,0,35187,0.0,"35,799,628,571",7326
Ukraine,2015,male,Silent: 75+ years,669,942786,70.96,"91,030,959,455",2256
Ukraine,2015,male,Boomers: 55-74 years,1644,3747724,43.87,"91,030,959,455",2256
Ukraine,2015,male,Generation X: 35-54 years,2181,5795334,37.63,"91,030,959,455",2256
Ukraine,2015,male,Millenials: 25-34 years,1114,3527229,31.58,"91,030,959,455",2256
Ukraine,2015,male,Millenials: 15-24 years,507,2408074,21.05,"91,030,959,455",2256
Ukraine,2015,female,Silent: 75+ years,296,2261462,13.09,"91,030,959,455",2256
Ukraine,2015,female,Boomers: 55-74 years,399,5508376,7.24,"91,030,959,455",2256
Ukraine,2015,female,Generation X: 35-54 years,427,6309963,6.77,"91,030,959,455",2256
Ukraine,2015,female,Millenials: 15-24 years,117,2281055,5.13,"91,030,959,455",2256
Ukraine,2015,female,Millenials: 25-34 years,168,3421535,4.91,"91,030,959,455",2256
Ukraine,2015,male,Generation Z: 5-14 years,33,2131084,1.55,"91,030,959,455",2256
Ukraine,2015,female,Generation Z: 5-14 years,19,2010824,0.94,"91,030,959,455",2256
United Kingdom,2015,male,Generation X: 35-54 years,1579,8692440,18.17,"2,885,570,309,161",47240
United Kingdom,2015,male,Millenials: 25-34 years,596,4408293,13.52,"2,885,570,309,161",47240
United Kingdom,2015,male,Boomers: 55-74 years,906,6716557,13.49,"2,885,570,309,161",47240
United Kingdom,2015,male,Silent: 75+ years,273,2200958,12.4,"2,885,570,309,161",47240
United Kingdom,2015,male,Millenials: 15-24 years,374,4151992,9.01,"2,885,570,309,161",47240
United Kingdom,2015,female,Generation X: 35-54 years,473,8881944,5.33,"2,885,570,309,161",47240
United Kingdom,2015,female,Boomers: 55-74 years,306,7075576,4.32,"2,885,570,309,161",47240
United Kingdom,2015,female,Millenials: 25-34 years,181,4414464,4.1,"2,885,570,309,161",47240
United Kingdom,2015,female,Silent: 75+ years,108,3070457,3.52,"2,885,570,309,161",47240
United Kingdom,2015,female,Millenials: 15-24 years,104,3966564,2.62,"2,885,570,309,161",47240
United Kingdom,2015,female,Generation Z: 5-14 years,6,3663221,0.16,"2,885,570,309,161",47240
United Kingdom,2015,male,Generation Z: 5-14 years,4,3840476,0.1,"2,885,570,309,161",47240
United States,2015,male,Silent: 75+ years,3171,8171136,38.81,"18,120,714,000,000",60387
United States,2015,male,Boomers: 55-74 years,9068,32264697,28.11,"18,120,714,000,000",60387
United States,2015,male,Generation X: 35-54 years,11634,41658010,27.93,"18,120,714,000,000",60387
United States,2015,male,Millenials: 25-34 years,5503,22137097,24.86,"18,120,714,000,000",60387
United States,2015,male,Millenials: 15-24 years,4359,22615073,19.27,"18,120,714,000,000",60387
United States,2015,female,Generation X: 35-54 years,4053,41531809,9.76,"18,120,714,000,000",60387
United States,2015,female,Boomers: 55-74 years,2872,35115610,8.18,"18,120,714,000,000",60387
United States,2015,female,Millenials: 25-34 years,1444,21555712,6.7,"18,120,714,000,000",60387
United States,2015,female,Millenials: 15-24 years,1132,21633813,5.23,"18,120,714,000,000",60387
United States,2015,female,Silent: 75+ years,540,11778666,4.58,"18,120,714,000,000",60387
United States,2015,male,Generation Z: 5-14 years,255,21273987,1.2,"18,120,714,000,000",60387
United States,2015,female,Generation Z: 5-14 years,158,20342901,0.78,"18,120,714,000,000",60387
Uruguay,2015,male,Silent: 75+ years,58,78996,73.42,"53,274,304,222",16696
Uruguay,2015,male,Boomers: 55-74 years,133,277870,47.86,"53,274,304,222",16696
Uruguay,2015,male,Millenials: 25-34 years,96,235597,40.75,"53,274,304,222",16696
Uruguay,2015,male,Generation X: 35-54 years,135,423963,31.84,"53,274,304,222",16696
Uruguay,2015,male,Millenials: 15-24 years,74,264562,27.97,"53,274,304,222",16696
Uruguay,2015,female,Silent: 75+ years,17,160620,10.58,"53,274,304,222",16696
Uruguay,2015,female,Boomers: 55-74 years,34,327405,10.38,"53,274,304,222",16696
Uruguay,2015,female,Millenials: 25-34 years,23,232133,9.91,"53,274,304,222",16696
Uruguay,2015,female,Generation X: 35-54 years,38,440475,8.63,"53,274,304,222",16696
Uruguay,2015,female,Millenials: 15-24 years,17,255067,6.66,"53,274,304,222",16696
Uruguay,2015,male,Generation Z: 5-14 years,3,252509,1.19,"53,274,304,222",16696
Uruguay,2015,female,Generation Z: 5-14 years,2,241598,0.83,"53,274,304,222",16696
